[
  { "model": "agencies.region", "pk": 1, "fields": { "name": "Savanes", "slug": "savanes" } },
  { "model": "agencies.district", "pk": 1, "fields": { "name": "Tone", "region": 1 } },
  { "model": "agencies.city", "pk": 1, "fields": { "name": "Dapaong", "district": 1 } },
  { "model": "agencies.district", "pk": 2, "fields": { "name": "Cinkassé", "region": 1 } },
  { "model": "agencies.city", "pk": 2, "fields": { "name": "Cinkassé", "district": 2 } },
  { "model": "agencies.district", "pk": 3, "fields": { "name": "Kpendjal", "region": 1 } },
  { "model": "agencies.city", "pk": 3, "fields": { "name": "Mandouri", "district": 3 } },
  { "model": "agencies.district", "pk": 4, "fields": { "name": "Kpendjal-Ouest", "region": 1 } },
  { "model": "agencies.city", "pk": 4, "fields": { "name": "Naki-Est", "district": 4 } },
  { "model": "agencies.district", "pk": 5, "fields": { "name": "Oti", "region": 1 } },
  { "model": "agencies.city", "pk": 5, "fields": { "name": "Sansanné-Mango", "district": 5 } },
  { "model": "agencies.district", "pk": 6, "fields": { "name": "Oti-Sud", "region": 1 } },
  { "model": "agencies.city", "pk": 6, "fields": { "name": "Sotouboua", "district": 6 } },
  { "model": "agencies.district", "pk": 7, "fields": { "name": "Tandjouaré", "region": 1 } },
  { "model": "agencies.city", "pk": 7, "fields": { "name": "Tandjouaré", "district": 7 } },

  { "model": "agencies.region", "pk": 2, "fields": { "name": "Kara", "slug": "kara" } },
  { "model": "agencies.district", "pk": 8, "fields": { "name": "Kozah", "region": 2 } },
  { "model": "agencies.city", "pk": 8, "fields": { "name": "Kara", "district": 8 } },
  { "model": "agencies.district", "pk": 9, "fields": { "name": "Bassar", "region": 2 } },
  { "model": "agencies.city", "pk": 9, "fields": { "name": "Bassar", "district": 9 } },
  { "model": "agencies.district", "pk": 10, "fields": { "name": "Binah", "region": 2 } },
  { "model": "agencies.city", "pk": 10, "fields": { "name": "Pagouda", "district": 10 } },
  { "model": "agencies.district", "pk": 11, "fields": { "name": "Dankpen", "region": 2 } },
  { "model": "agencies.city", "pk": 11, "fields": { "name": "Guérin-Kouka", "district": 11 } },
  { "model": "agencies.district", "pk": 12, "fields": { "name": "Doufelgou", "region": 2 } },
  { "model": "agencies.city", "pk": 12, "fields": { "name": "Niamtougou", "district": 12 } },
  { "model": "agencies.district", "pk": 13, "fields": { "name": "Kéran", "region": 2 } },
  { "model": "agencies.city", "pk": 13, "fields": { "name": "Kanté", "district": 13 } },

  { "model": "agencies.region", "pk": 3, "fields": { "name": "Centrale", "slug": "centrale" } },
  { "model": "agencies.district", "pk": 14, "fields": { "name": "Tchaoudjo", "region": 3 } },
  { "model": "agencies.city", "pk": 14, "fields": { "name": "Sokodé", "district": 14 } },
  { "model": "agencies.district", "pk": 15, "fields": { "name": "Blitta", "region": 3 } },
  { "model": "agencies.city", "pk": 15, "fields": { "name": "Blitta", "district": 15 } },
  { "model": "agencies.district", "pk": 16, "fields": { "name": "Sotouboua", "region": 3 } },
  { "model": "agencies.city", "pk": 16, "fields": { "name": "Sotouboua", "district": 16 } },
  { "model": "agencies.district", "pk": 17, "fields": { "name": "Tchamba", "region": 3 } },
  { "model": "agencies.city", "pk": 17, "fields": { "name": "Tchamba", "district": 17 } },

  { "model": "agencies.region", "pk": 4, "fields": { "name": "Plateaux", "slug": "plateaux" } },
  { "model": "agencies.district", "pk": 18, "fields": { "name": "Amou", "region": 4 } },
  { "model": "agencies.city", "pk": 18, "fields": { "name": "Amlamé", "district": 18 } },
  { "model": "agencies.district", "pk": 19, "fields": { "name": "Danyi", "region": 4 } },
  { "model": "agencies.city", "pk": 19, "fields": { "name": "Danyi-Apéyémé", "district": 19 } },
  { "model": "agencies.district", "pk": 20, "fields": { "name": "Est-Mono", "region": 4 } },
  { "model": "agencies.city", "pk": 20, "fields": { "name": "Elavagnon", "district": 20 } },
  { "model": "agencies.district", "pk": 21, "fields": { "name": "Haho", "region": 4 } },
  { "model": "agencies.city", "pk": 21, "fields": { "name": "Notsé", "district": 21 } },
  { "model": "agencies.district", "pk": 22, "fields": { "name": "Kloto", "region": 4 } },
  { "model": "agencies.city", "pk": 22, "fields": { "name": "Kpalimé", "district": 22 } },
  { "model": "agencies.district", "pk": 23, "fields": { "name": "Moyen-Mono", "region": 4 } },
  { "model": "agencies.city", "pk": 23, "fields": { "name": "Tchamba", "district": 23 } },
  { "model": "agencies.district", "pk": 24, "fields": { "name": "Ogou", "region": 4 } },
  { "model": "agencies.city", "pk": 24, "fields": { "name": "Atakpamé", "district": 24 } },
  { "model": "agencies.district", "pk": 25, "fields": { "name": "Wawa", "region": 4 } },
  { "model": "agencies.city", "pk": 25, "fields": { "name": "Badou", "district": 25 } },
    { "model": "agencies.district", "pk": 26, "fields": { "name": "Akébou", "region": 4 } },
  { "model": "agencies.city", "pk": 26, "fields": { "name": "Kougnonhou", "district": 26 } },
  { "model": "agencies.district", "pk": 27, "fields": { "name": "Anié", "region": 4 } },
  { "model": "agencies.city", "pk": 27, "fields": { "name": "Anié", "district": 27 } },

  { "model": "agencies.region", "pk": 5, "fields": { "name": "Maritime", "slug": "maritime" } },
  { "model": "agencies.district", "pk": 28, "fields": { "name": "Golfe", "region": 5 } },
  { "model": "agencies.city", "pk": 28, "fields": { "name": "Lomé", "district": 28 } },
  { "model": "agencies.district", "pk": 29, "fields": { "name": "Agoè-Nyivé", "region": 5 } },
  { "model": "agencies.city", "pk": 29, "fields": { "name": "Agoè", "district": 29 } },
  { "model": "agencies.district", "pk": 30, "fields": { "name": "Avé", "region": 5 } },
  { "model": "agencies.city", "pk": 30, "fields": { "name": "Kévé", "district": 30 } },
  { "model": "agencies.district", "pk": 31, "fields": { "name": "Bas-Mono", "region": 5 } },
  { "model": "agencies.city", "pk": 31, "fields": { "name": "Afagnan", "district": 31 } },
  { "model": "agencies.district", "pk": 32, "fields": { "name": "Lacs", "region": 5 } },
  { "model": "agencies.city", "pk": 32, "fields": { "name": "Aného", "district": 32 } },
  { "model": "agencies.district", "pk": 33, "fields": { "name": "Vo", "region": 5 } },
  { "model": "agencies.city", "pk": 33, "fields": { "name": "Vogan", "district": 33 } },
  { "model": "agencies.district", "pk": 34, "fields": { "name": "Yoto", "region": 5 } },
  { "model": "agencies.city", "pk": 34, "fields": { "name": "Tabligbo", "district": 34 } },
  { "model": "agencies.district", "pk": 35, "fields": { "name": "Zio", "region": 5 } },
  { "model": "agencies.city", "pk": 35, "fields": { "name": "Tsévié", "district": 35 } }
]
